æœºå™¨äººå	æ‰€å±ç±»ç›®	åˆ›ä½œè€…	ä½¿ç”¨äººæ•°	æ”¶è—äººæ•°	åœ°å€	åŠŸèƒ½æè¿°	å¤´åƒ	åˆ›ä½œè€…å¤´åƒ	æœºå™¨äººid
å°åˆ·çŸ¥è¯†æ˜Ÿçƒ	å›¾åƒ	ç”¨æˆ·2109810206527	387	19	https://www.coze.cn/store/bot/7342460659977895976	æ¬¢è¿æ¥åˆ°â€œå°åˆ·è®¾è®¡æ˜Ÿçƒâ€ï¼è¿™æ˜¯ä¸€ä¸ªä¸“é—¨ä¸ºè®¾è®¡å¸ˆæ‰“é€ çš„æ™ºèƒ½é—®ç­”æ’ä»¶ï¼Œè‡´åŠ›äºè§£å†³ä½ åœ¨è®¾è®¡å’Œå°åˆ·è¿‡ç¨‹ä¸­é‡åˆ°çš„æ‰€æœ‰é—®é¢˜ã€‚ æˆ‘ä»¬çš„æ’ä»¶åŸºäºæœ€æ–°çš„AIæŠ€æœ¯ï¼Œèƒ½å¤Ÿç†è§£å¹¶å›ç­”å„ç§å¤æ‚çš„å°åˆ·å’Œè®¾è®¡ç›¸å…³é—®é¢˜ã€‚æˆ‘ä»¬çš„ç›®æ ‡æ˜¯å¸®åŠ©è®¾è®¡å¸ˆèŠ‚çœå¯»æ‰¾å’Œå­¦ä¹ å°åˆ·çŸ¥è¯†çš„æ—¶é—´ï¼Œè®©ä½ çš„è®¾è®¡å’Œå°åˆ·è¿‡ç¨‹æ›´åŠ è½»æ¾å’Œé«˜æ•ˆï¼	https://p9-flow-product-sign.byteimg.com/tos-cn-i-13w3uml6bg/55ba983485524c73a79ea23adfee309d~tplv-13w3uml6bg-resize:128:128.image?rk3s=2e2596fd&x-expires=1712556089&x-signature=ImfU1yc3XLGkY%2FTd75m%2B0JcdKfo%3D	https://p9-passport.byteacctimg.com/img/user-avatar/assets/e7b19241fb224cea967dfaea35448102_1080_1080.png~300x300.image	7342460659977895976
å›¾è¡¨ç»˜åˆ¶å°åŠ©æ‰‹	å›¾åƒ	Haibara	754	37	https://www.coze.cn/store/bot/7339738464360906752	è¾“å…¥ä¸€æ®µå›¾è¡¨çš„æè¿°ï¼Œç”Ÿæˆç›¸å…³çš„å›¾è¡¨çš„å›¾ç‰‡ï¼ŒåŒ…æ‹¬æµç¨‹å›¾ã€ç”¨ä¾‹å›¾ã€æ—¶åºå›¾ç­‰ã€‚	https://p9-flow-product-sign.byteimg.com/tos-cn-i-13w3uml6bg/0e502f9e13614146b9a29bf46b9b744b~tplv-13w3uml6bg-resize:128:128.image?rk3s=2e2596fd&x-expires=1712556089&x-signature=6P2MyMcWr7npurpx6xpuCFSH37w%3D	https://p3-passport.byteacctimg.com/img/user-avatar/205e7ae312591b2cb2ffff8a90edbf7b~300x300.image	7339738464360906752
ä¹¦æ³•è€å¸ˆ	å­¦ä¹ åŠ©æ‰‹	vivi	2337	14	https://www.coze.cn/store/bot/7338067194645086259	æˆ‘å¯ä»¥å¸®åŠ©å­¦å†™å­—çš„æœ‹å‹ä»¬å­¦ä¹ æ­£ç¡®çš„æ±‰å­—ç¬”é¡ºå“¦ï¼	https://p9-flow-product-sign.byteimg.com/tos-cn-i-13w3uml6bg/2194c6e35ed34347b16906e0a072e0fe~tplv-13w3uml6bg-resize:128:128.image?rk3s=2e2596fd&x-expires=1712556089&x-signature=lk%2BegUcPIDnARABs6iKp5SUeRtU%3D	https://p26-passport.byteacctimg.com/img/user-avatar/6b6c95cd17224b419147962313fb3e48~300x300.image	7338067194645086259
å„¿ç«¥ç»˜æœ¬ä¸“å®¶	å­¦ä¹ åŠ©æ‰‹	Anhui	413	16	https://www.coze.cn/store/bot/7338720776603861018	è¿™æ˜¯ä¸€ä¸ªå„¿ç«¥ç»˜æœ¬ä¸“å®¶ï¼Œæ·±åº¦äº†è§£ä¸­å›½ä¼ ç»Ÿç¥è¯æ•…äº‹ï¼Œäº†è§£ä¸­å›½ä¸Šä¸‹äº”åƒå¹´æ•°æ®ï¼Œç»˜æœ¬å†…å®¹ä½“ç°å‡ºè€å¿ƒã€å†³å¿ƒã€ä¿¡å¿ƒï¼Œä½“ç°å‡ºå‹‡æ•¢ã€ä¸æ€•åƒè‹¦ï¼Œç»˜æœ¬ä¸­çš„å†…å®¹ä¸Šä¸‹æ–‡çš„è§’è‰²å½¢è±¡ä¿æŒä¸€è‡´ã€‚	https://p9-flow-product-sign.byteimg.com/tos-cn-i-13w3uml6bg/168f00488e4d47ee8961f3e0450fc738~tplv-13w3uml6bg-resize:128:128.image?rk3s=2e2596fd&x-expires=1712556089&x-signature=GeAuv6GmKL4ExJcPwHVib581sn4%3D	https://p3-passport.byteacctimg.com/img/user-avatar/89f09adcf26694b69a15a54d58271a1c~300x300.image	7338720776603861018
ä¸‡èƒ½å·¥ä½œæ±‡æŠ¥è¾…å¯¼	æ•ˆç‡å·¥å…·	marshallkove	262	17	https://www.coze.cn/store/bot/7339725496869093376	å·¥ä½œæ±‡æŠ¥æœ‰æŠ€å·§ï¼Œæå‡èŒåœºâ€œå¯è§åº¦â€ï¼å¸®ä½ å‡†å¤‡ä¸åŒåœºæ™¯ï¼ˆå¦‚æ€»ç»“ã€è§„åˆ’ã€é‚€åŠŸï¼‰å’Œå½¢å¼ï¼ˆå¦‚å£å¤´ã€å…¬æ–‡ã€PPTï¼‰æ±‡æŠ¥çš„ç»“æ„æ¡†æ¶ã€è¡Œæ–‡æªè¾ã€å¸¸è§é—®é¢˜ã€‚ä»å®¹é«˜æ•ˆååŒã€å±•ç°æƒ³æ³•ã€è·å¾—æ”¯æŒï¼Œèµ°å‘äººç”Ÿå·…å³°ï¼	https://p9-flow-product-sign.byteimg.com/tos-cn-i-13w3uml6bg/f76ad63d834d457fb11ec9952296e39e~tplv-13w3uml6bg-resize:128:128.image?rk3s=2e2596fd&x-expires=1712556089&x-signature=ZJ7xlD60BRRbGip%2BgPqoejTpcIs%3D	https://p3-passport.byteacctimg.com/img/user-avatar/af8f764c894fab29add31b7b0c30bbe5~300x300.image	7339725496869093376
å“„å¥³å‹æŒ‘æˆ˜	æ¸¸æˆ	bot_maker	255	6	https://www.coze.cn/store/bot/7340618264801918985	å½“ä½ ä¸å°å¿ƒæƒ¹æ€’äº†ä½ çš„å¥³å‹ï¼Œé¢å¯¹å¿ƒçˆ±çš„å¥¹ï¼Œä½ è¦å¦‚ä½•å“„å¥½å¥¹	https://p9-flow-product-sign.byteimg.com/tos-cn-i-13w3uml6bg/883fe0bba3aa4f1b99254237e9129eaf~tplv-13w3uml6bg-resize:128:128.image?rk3s=2e2596fd&x-expires=1712556089&x-signature=%2BNPhXHvnzJpKp7hmiAqARkJjLIM%3D	https://p6-passport.byteacctimg.com/img/user-avatar/251920d88348d7c4bbd7e47f647d8953~300x300.image	7340618264801918985
æœ¬å­ä¸Šçš„æ¸¸æˆ	æ¸¸æˆ	vivi	1484	3	https://www.coze.cn/store/bot/7338052192492109834	æœ‰15ç§ç»“å±€çš„æ²‰æµ¸å¼æ–‡å­—æ¸¸æˆï¼Œä¸æ˜¯æˆ‘çœ‹ä¸èµ·ä½ ï¼Œä½ çœŸçš„é€šä¸äº†å…³ï¼	https://p9-flow-product-sign.byteimg.com/tos-cn-i-13w3uml6bg/647c1dbd6bb64666885d4e3f679550f6~tplv-13w3uml6bg-resize:128:128.image?rk3s=2e2596fd&x-expires=1712556089&x-signature=mXOUrPYMrCTSQO0ScGm5sCqdMhE%3D	https://p26-passport.byteacctimg.com/img/user-avatar/6b6c95cd17224b419147962313fb3e48~300x300.image	7338052192492109834
ä¹˜é«˜é“ï¼Œçœ‹ä¸­å›½	å’¨è¯¢	zhikwok	233	1	https://www.coze.cn/store/bot/7340892977163796532	è®©æˆ‘ä»¬åç€é«˜é“çœ‹çœ‹ç¾ä¸½ç²¾å½©çš„ä¸­å›½å§ï¼	https://p9-flow-product-sign.byteimg.com/tos-cn-i-13w3uml6bg/a6a3b9d6dd5947689e482ff26c1e1dd3~tplv-13w3uml6bg-resize:128:128.image?rk3s=2e2596fd&x-expires=1712556089&x-signature=mX7vwM0ZhhKuoErOVzt80qGHdSM%3D	https://p9-passport.byteacctimg.com/img/user-avatar/1e80279c562583d42961e79b4ff0bd02~300x300.image	7340892977163796532
æ¡ç ç”Ÿæˆå™¨	æ•ˆç‡å·¥å…·	zero2one	416	18	https://www.coze.cn/store/bot/7339451757703200820	è¾“å…¥å†…å®¹ç”Ÿæˆæ¡ç æˆ–äºŒç»´ç 	https://p9-flow-product-sign.byteimg.com/tos-cn-i-13w3uml6bg/0a5cfe0cd8fa45828aa4c30a70b47d73~tplv-13w3uml6bg-resize:128:128.image?rk3s=2e2596fd&x-expires=1712556089&x-signature=KW8Fuiuf33%2BO5MXVSqB5VXnfs4E%3D	https://p3-passport.byteacctimg.com/img/user-avatar/b50e89cd14c82392d2ef0c0fc94727a0~300x300.image	7339451757703200820
è´­è½¦å°å¸®æ‰‹	å’¨è¯¢	lionbb	518	10	https://www.coze.cn/store/bot/7338262107026309147	æˆ‘æ˜¯è´­è½¦å°å¸®æ‰‹ï¼Œä¸€ä¸ªå¯¹æ±½è½¦äº†å¦‚æŒ‡æŒçš„æ™ºèƒ½åŠ©æ‰‹ã€‚ä½ å¯ä»¥å‘Šè¯‰æˆ‘ä»»ä½•ä½ æ„Ÿå…´è¶£çš„è½¦å‹æˆ–è€…è½¦ç³»ï¼Œæˆ‘ä¼šä¸ºæ‚¨åšè¯¦ç»†çš„ä»‹ç»ã€‚å¦‚æœä½ ä¹Ÿæƒ³è´­ä¹°äºŒæ‰‹è½¦ï¼Œä¹Ÿå¯ä»¥å‘Šè¯‰æˆ‘æ‚¨çš„é¢„ç®—å’Œéœ€æ±‚ï¼Œæˆ‘ä¼šä¸ºä½ æœé›†æœ€æ–°çš„æŠ¥ä»·ã€‚	https://p9-flow-product-sign.byteimg.com/tos-cn-i-13w3uml6bg/070deadd17dc4c62a5f3878a8fbb1a70~tplv-13w3uml6bg-resize:128:128.image?rk3s=2e2596fd&x-expires=1712556089&x-signature=nBqe3dwO39kEUuATssdiWyFdEtc%3D	https://p3-passport.byteacctimg.com/img/mosaic-legacy/3796/2975850990~300x300.image	7338262107026309147
ã€Šç”„å¬›ä¼ ã€‹åçº§å­¦è€…	ä¼‘é—²å¨±ä¹	ljzz7381	483	2	https://www.coze.cn/store/bot/7339545958612713507	ä½ æ˜¯å­¦å¾’ï¼Œè¿˜æ˜¯ç‹è€…ï¼Ÿæµ‹è¯•ä¸€ä¸‹ä½ å¯¹ã€Šç”„å¬›ä¼ ã€‹çš„äº†è§£ç¨‹åº¦å§ï¼	https://p9-flow-product-sign.byteimg.com/tos-cn-i-13w3uml6bg/2031a8f9b90b42e18b22c7c2cf943fda~tplv-13w3uml6bg-resize:128:128.image?rk3s=2e2596fd&x-expires=1712556089&x-signature=6fcXrEn18i1X1mAg819GMcksOdw%3D	https://p6-passport.byteacctimg.com/img/user-avatar/9a46c3d5c9816503b82eeca282c73900~300x300.image	7339545958612713507
å°è¯´çµæ„Ÿ	è§’è‰²	ç”¨æˆ·6801550370056	360	38	https://www.coze.cn/store/bot/7338691833993805860	ä¸€æ¬¾é•¿ç¯‡å°è¯´çµæ„Ÿã€å¤§çº²ã€ç›®å½•ã€æ­£æ–‡ç”Ÿæˆå·¥å…·	https://p9-flow-product-sign.byteimg.com/tos-cn-i-13w3uml6bg/64324651cbc34fceaa79c13f0b4d9dd0~tplv-13w3uml6bg-resize:128:128.image?rk3s=2e2596fd&x-expires=1712556089&x-signature=Y08LAgNMB%2Fj8pRekuoOqRK2KgY4%3D	https://p6-passport.byteacctimg.com/img/user-avatar/assets/e7b19241fb224cea967dfaea35448102_1080_1080.png~300x300.image	7338691833993805860
GetWinå¸®ä½ èµ¢	æ¸¸æˆ	RaionYourGod	710	5	https://www.coze.cn/store/bot/7338706532718198825	å¸®ä½ èµ¢ï¼ï¼ï¼	https://p9-flow-product-sign.byteimg.com/tos-cn-i-13w3uml6bg/0c902978f9a54bd588b68a61e165331c~tplv-13w3uml6bg-resize:128:128.image?rk3s=2e2596fd&x-expires=1712556089&x-signature=Wfm%2BtTN4bS1FgE5MHbuC7twzI%2Bs%3D	https://p9-passport.byteacctimg.com/img/user-avatar/assets/e7b19241fb224cea967dfaea35448102_1080_1080.png~300x300.image	7338706532718198825
æ•°å­¦è€å¸ˆ	å­¦ä¹ åŠ©æ‰‹	lionbb	437	45	https://www.coze.cn/store/bot/7338263841513553971	æˆ‘æ˜¯ä¸€åæ•°å­¦è€å¸ˆï¼Œèƒ½å¤Ÿå¸®åŠ©ä½ è§£å†³å„ç§æ•°å­¦é—®é¢˜å’Œæ–¹ç¨‹ã€‚ä¸ç®¡æ˜¯ç®€å•çš„ç®—æœ¯è¿˜æ˜¯å¤æ‚çš„ä»£æ•°ï¼Œæˆ‘éƒ½èƒ½ä»¥é—ªç”µèˆ¬çš„é€Ÿåº¦å’Œç²¾åº¦ä¸ºä½ æä¾›è§£å†³æ–¹æ¡ˆã€‚	https://p9-flow-product-sign.byteimg.com/tos-cn-i-13w3uml6bg/a15b5576d7fa4a328be2f74e907aef25~tplv-13w3uml6bg-resize:128:128.image?rk3s=2e2596fd&x-expires=1712556089&x-signature=BV%2FZqB%2F%2BrudqyK2oi2jk6jA3zk0%3D	https://p3-passport.byteacctimg.com/img/mosaic-legacy/3796/2975850990~300x300.image	7338263841513553971
ç»˜æœ¬å°ä»™å¥³	æ–‡æœ¬åˆ›ä½œ	nicola	735	32	https://www.coze.cn/store/bot/7331731942838173706	æ ¹æ®å°æœ‹å‹çš„å¹´é¾„å’Œé‡åˆ°çš„é—®é¢˜ï¼Œåˆ›ä½œç»˜æœ¬æ•…äº‹å¸®åŠ©ä»–ä»¬è§£å†³é—®é¢˜	https://p9-flow-product-sign.byteimg.com/tos-cn-i-13w3uml6bg/865118a69511455fb2a3cba9519bd48a~tplv-13w3uml6bg-resize:128:128.image?rk3s=2e2596fd&x-expires=1712556089&x-signature=ky56IsPPFER7h6rub4jF4FetQWs%3D	https://p26-passport.byteacctimg.com/img/user-avatar/1319d28a062cc37e7eef3392799f0581~300x300.image	7331731942838173706
å®Œè›‹ï¼æˆ‘çš„å¥³å‹ç”Ÿæ°”äº†	æ¸¸æˆ	Rhea	279	4	https://www.coze.cn/store/bot/7339544983487299593	å¥³æœ‹å‹ç”Ÿæ°”äº†ï¼Œè¿˜ä¸å¿«ç‚¹å“„å¥½ï¼ä¸çŸ¥é“æ€ä¹ˆå“„ï¼Ÿç©ç©è¿™ä¸ªæ¸¸æˆè¯•è¯•çœ‹å…ˆå•¦	https://p9-flow-product-sign.byteimg.com/tos-cn-i-13w3uml6bg/2dcd3c1bed1141b587908b76b4c4c515~tplv-13w3uml6bg-resize:128:128.image?rk3s=2e2596fd&x-expires=1712556089&x-signature=PPK3LSUead7BpJrRNWiwJgET6bU%3D	https://p3-passport.byteacctimg.com/img/mosaic-legacy/3796/2975850990~300x300.image	7339544983487299593
å¡”ç½—ç‰Œå¤§å¸ˆèµ›æ©æ–¯	ä¼‘é—²å¨±ä¹	ç”¨æˆ·1885130937491	400	8	https://www.coze.cn/store/bot/7338741744424550437	æˆ‘æ˜¯å¡”ç½—ç‰Œå¤§å¸ˆèµ›æ©æ–¯ï¼Œæˆ‘æ˜¯ä¸€ä½ç»éªŒä¸°å¯Œçš„å¡”ç½—ç‰Œå¤§å¸ˆï¼Œç†Ÿæ‚‰å„ç§å¡”ç½—ç‰Œçš„ç‰Œä¹‰åŠè§£è¯»æ–¹æ³•ï¼Œèƒ½å¤Ÿé€šè¿‡å¡”ç½—ç‰Œçš„è§£è¯»ä¸ºç”¨æˆ·æä¾›æŒ‡å¼•å’Œå»ºè®®	https://p9-flow-product-sign.byteimg.com/tos-cn-i-13w3uml6bg/b332589e0408437081fca139a27e288f~tplv-13w3uml6bg-resize:128:128.image?rk3s=2e2596fd&x-expires=1712556089&x-signature=H7I3TuWSbkfo5z1WW9VW4hfCbcc%3D	https://p3-passport.byteacctimg.com/img/user-avatar/3ee06ada2167081463e9507123fb55cb~300x300.image	7338741744424550437
å±±é¡¶æ´äºº	è§’è‰²	vivi	1530	3	https://www.coze.cn/store/bot/7338070367224954917	ç”Ÿæ´»åœ¨4ä¸‡å¹´å‰çš„æ´ç©´åŸå§‹äººã€‚åŠªåŠ›å­¦ä¹ ç°ä»£è¯­è¨€ä¸­..	https://p9-flow-product-sign.byteimg.com/tos-cn-i-13w3uml6bg/871402df67a247259aa1012c884d9b0c~tplv-13w3uml6bg-resize:128:128.image?rk3s=2e2596fd&x-expires=1712556089&x-signature=UKJ4CTwlF2d4FmplO7y77QlXCJI%3D	https://p26-passport.byteacctimg.com/img/user-avatar/6b6c95cd17224b419147962313fb3e48~300x300.image	7338070367224954917
çœ‹å›¾è®²æ•…äº‹	æ–‡æœ¬åˆ›ä½œ	lionbb	348	17	https://www.coze.cn/store/bot/7338268087843700774	æ¬¢è¿æ¥åˆ°æˆ‘çš„ä¸–ç•Œï¼æˆ‘å¯ä»¥æ ¹æ®å›¾ç‰‡è®²è¿°ç‹¬ç‰¹çš„æ•…äº‹ã€‚ä¸Šä¼ ä¸€å¼ ä½ çš„å›¾ç‰‡ï¼Œè®©æˆ‘ä»¬å¼€å§‹ä¸€æ®µå¥‡å¦™çš„æ—…ç¨‹å§ï¼	https://p9-flow-product-sign.byteimg.com/tos-cn-i-13w3uml6bg/c71f49da2cdb4c55b9d336b3badcf2b1~tplv-13w3uml6bg-resize:128:128.image?rk3s=2e2596fd&x-expires=1712556089&x-signature=OhusXgYuuAilQ5aiF8r0jdSGdd8%3D	https://p3-passport.byteacctimg.com/img/mosaic-legacy/3796/2975850990~300x300.image	7338268087843700774
å¹³é¢å›½	æ¸¸æˆ	ç”¨æˆ·8439116128183	144	2	https://www.coze.cn/store/bot/7340257002591141898	ä¸è¦æ‡Šæ¼ï¼Œè¿™æ˜¯ä¸€ä¸ªå¹¿å¤§çš„ä¸–ç•Œã€‚æ¬¢è¿ä½ æ¥åˆ°å¹³é¢å›½ã€‚ ä¸€ä¸ªæ–‡å­—å†’é™©æ¸¸æˆï¼Œæ¢ç´¢ä¸åŒåœ°æ–¹è·å–å…³é”®ä¿¡æ¯ï¼Œå…³é”®æ˜¯è¦åšå‡ºæ­£ç¡®çš„é€‰æ‹©ã€‚ ä½ èƒ½æ‰¾åˆ°æ•™æˆå—ï¼Ÿ	https://p9-flow-product-sign.byteimg.com/tos-cn-i-13w3uml6bg/cc8c60b0f74e4b7f97a82cbbd21c942c~tplv-13w3uml6bg-resize:128:128.image?rk3s=2e2596fd&x-expires=1712556089&x-signature=ihNC7zThkb1BII%2FOZyxNs7wTwXI%3D	https://p26-passport.byteacctimg.com/img/user-avatar/d2c2432d9cdb52e6ecef16e43127c813~300x300.image	7340257002591141898
ç…®é¥­å¤§å¸ˆ	ä¼‘é—²å¨±ä¹	greeny	388	16	https://www.coze.cn/store/bot/7340202026988503080	æˆ‘æ˜¯ä¸€ä½æ¥è‡ªä¸œåŒ—ï¼Œè€å¿ƒçƒ­æƒ…åŒæ—¶å…¼å®¹å¹¶åŒ…çš„ç¾é£Ÿå®¶å’Œè¥å…»å­¦ä¸“å®¶ï¼Œæ“…é•¿èœè‚´åˆ¶ä½œä»¥åŠè¥å…»æ­é…	https://p9-flow-product-sign.byteimg.com/tos-cn-i-13w3uml6bg/e15b332c5c804676bf43e6f0e9b68f4d~tplv-13w3uml6bg-resize:128:128.image?rk3s=2e2596fd&x-expires=1712556089&x-signature=Wq3pBeAE%2FBsFSqc4v%2BJx8xsgJoA%3D	https://p3-passport.byteacctimg.com/img/user-avatar/assets/e7b19241fb224cea967dfaea35448102_1080_1080.png~300x300.image	7340202026988503080
car salesman	å•†ä¸šåŠ©æ‰‹	dcd_yanjianyu	394	5	https://www.coze.cn/store/bot/7339868950450323482	- æä¾›å„ç§æ±½è½¦é…ç½®/å‹å·ä¸“ä¸šçŸ¥è¯† - ç»™ç”¨æˆ·å®æ—¶æŠ¥ä»·ï¼ŒåŒçº§è½¦å¯¹æ¯” - èƒ½å¤Ÿæ™ºèƒ½è¿›è¡Œç”¨æˆ·ç•™èµ„ï¼Œæ”¶é›†å–è½¦çº¿ç´¢	https://p9-flow-product-sign.byteimg.com/tos-cn-i-13w3uml6bg/82a072421983424aa6e8065e69da6f25~tplv-13w3uml6bg-resize:128:128.image?rk3s=2e2596fd&x-expires=1712556089&x-signature=9U%2FHB37ClewTXMTuXCOKFzukBJ4%3D	https://p9-passport.byteacctimg.com/img/mosaic-legacy/3793/3131589739~300x300.image	7339868950450323482
ä¹¦ç±æŸ¥è¯¢	ä¼‘é—²å¨±ä¹	jasonling	447	22	https://www.coze.cn/store/bot/7338700549388484608	åœ¨çº¿æŸ¥æ‰¾ä¹¦ç±ä¿¡æ¯ï¼Œå¯ä»¥æœç´¢ç›¸å…³ä¹¦ç±åˆ—è¡¨ï¼Œä¹Ÿå¯ä»¥è·å–æŸæœ¬ä¹¦çš„è¯¦ç»†ä¿¡æ¯	https://p9-flow-product-sign.byteimg.com/tos-cn-i-13w3uml6bg/c6e6269ab1364c248a8e96fc2579b1c4~tplv-13w3uml6bg-resize:128:128.image?rk3s=2e2596fd&x-expires=1712556089&x-signature=hmji4Jw7r2j%2B3PzWkgI%2F5%2F8qU8M%3D	https://p9-passport.byteacctimg.com/img/user-avatar/874a4ab49f591829fd58d574dfe0933a~300x300.image	7338700549388484608
æ•°ç‹¬å¤§å¸ˆ	ä¼‘é—²å¨±ä¹	mid_earth	281	4	https://www.coze.cn/store/bot/7339514269907730486	æ•°ç‹¬ï¼ˆSudokuï¼‰æ¸¸æˆå¤§å¸ˆ	https://p9-flow-product-sign.byteimg.com/tos-cn-i-13w3uml6bg/16362974d11c4009b325fe7beeb31936~tplv-13w3uml6bg-resize:128:128.image?rk3s=2e2596fd&x-expires=1712556089&x-signature=Riw4Q0%2FzQA%2FgD6SVh%2FByuRB8m%2Bo%3D	https://p26-passport.byteacctimg.com/img/mosaic-legacy/3793/3114521287~300x300.image	7339514269907730486
å¯†å®¤é€ƒè„±-å·¥ä½œæµç‰ˆæœ¬	æ¸¸æˆ	hanwei	265	3	https://www.coze.cn/store/bot/7338725556613300274	å¯†å®¤é€ƒè„±æ¸¸æˆ	https://p3-flow-product-sign.byteimg.com/tos-cn-i-13w3uml6bg/e1189488a8db48e693480c0b8430973b~tplv-13w3uml6bg-resize:128:128.image?rk3s=2e2596fd&x-expires=1712556094&x-signature=ozOiP8ggiJgpvJSSsmc2v4pavRo%3D	https://p3-passport.byteacctimg.com/img/user-avatar/cd436e9e8bb0fbe3eb1c69d340771f30~300x300.image	7338725556613300274
è¡€è„‚æµ‹è¯•æœºå™¨äºº	å’¨è¯¢	vcvit	167	6	https://www.coze.cn/store/bot/7342449994424860672	ä½œä¸ºä¸€ä¸ªæœºå™¨äººåŒ»ç”Ÿï¼Œä¸ºé«˜è¡€è„‚æ‚£è€…æä¾›ä¸“ä¸šé—®ç­”æœåŠ¡	https://p3-flow-product-sign.byteimg.com/tos-cn-i-13w3uml6bg/cd103f9f1df043c1a51d63e255409895~tplv-13w3uml6bg-resize:128:128.image?rk3s=2e2596fd&x-expires=1712556094&x-signature=JcrgiUtLoFvJ3d%2BJ4ZWrU%2BoRoXM%3D	https://p9-passport.byteacctimg.com/img/mosaic-legacy/3795/3033762272~300x300.image	7342449994424860672
ç®€å†è¯Šæ–­	å’¨è¯¢	lionbb	282	27	https://www.coze.cn/store/bot/7338264424953757734	æˆ‘æ˜¯ä¸€ä½èµ„æ·±çš„äººåŠ›èµ„æºé¡¾é—®ï¼Œèƒ½å¤Ÿå¸®åŠ©ä½ è§£æç®€å†å†…å®¹å¹¶æä¾›æ”¹è¿›å»ºè®®ã€‚æˆ‘è¿˜å¯ä»¥æ¨¡æ‹Ÿé¢è¯•å®˜ï¼Œå¸®åŠ©ä½ å‡†å¤‡é¢è¯•ã€‚  è¯·ä¸Šä¼ ä½ çš„ç®€å†ç»™æˆ‘å§	https://p3-flow-product-sign.byteimg.com/tos-cn-i-13w3uml6bg/a5a80efc2dbb44269926ce0d299a9081~tplv-13w3uml6bg-resize:128:128.image?rk3s=2e2596fd&x-expires=1712556094&x-signature=xeEpDjqq2VUzRlOOxXyGIUpUc%2BY%3D	https://p3-passport.byteacctimg.com/img/mosaic-legacy/3796/2975850990~300x300.image	7338264424953757734
Javaå¼€å‘è€…çš„Pythonè¿›ä¿®æŒ‡å—	å­¦ä¹ åŠ©æ‰‹	ç”¨æˆ·7521550852717	271	39	https://www.coze.cn/store/bot/7338773502511792137	ç©¿è¶ŠJavaä¸Pythonçš„ç¼–ç¨‹è¾¹ç•Œï¼ŒJavaå¼€å‘è€…çš„Pythonå¿«é€Ÿè¿›ä¿®æŒ‡å—å¼•é¢†æ‚¨è¿…é€ŸæŒæ¡Pythonçš„å…³é”®çŸ¥è¯†ã€‚ä¸“æ³¨äºå¸®åŠ©æ‚¨å¿«é€Ÿç†è§£Pythonçš„è¯­æ³•ä»¥åŠä¸Javaçš„å¼‚åŒã€‚æ— éœ€æ¼«é•¿çš„å­¦ä¹ æ›²çº¿ï¼Œä»åŸºç¡€åˆ°é«˜çº§ï¼Œè®©æ‚¨åœ¨æœ€çŸ­æ—¶é—´å†…æˆä¸ºPythonç¼–ç¨‹é«˜æ‰‹ã€‚åŠ é€Ÿæ‚¨çš„æŠ€æœ¯è½¬å‹ä¹‹æ—…ï¼Œè¿ˆå‘å¤šé¢†åŸŸå¼€å‘çš„æ–°é«˜åº¦ã€‚ åœ¨ä½¿ç”¨è¿‡ç¨‹ä¸­å¦‚æœæœ‰ä»»ä½•é—®é¢˜å¯æŸ¥çœ‹ç›¸å…³å†…å®¹ï¼Œä¹Ÿå¯ä»¥åœ¨è¯„è®ºåŒºå›å¤ï¼Œæˆ‘å°†å¿«é€Ÿä¿®å¤é—®é¢˜ï¼šhttps://juejin.cn/post/7330317956666261514	https://p3-flow-product-sign.byteimg.com/tos-cn-i-13w3uml6bg/293b895f08e94e618d61f85823823635~tplv-13w3uml6bg-resize:128:128.image?rk3s=2e2596fd&x-expires=1712556094&x-signature=Qf2synkpkFk7fqw%2FE1PnSLacFZA%3D	https://p26-passport.byteacctimg.com/img/user-avatar/6b088fc8f76e841b9a0e76316604442f~300x300.image	7338773502511792137
æ°”äººçš„æœ‹å‹	ä¼‘é—²å¨±ä¹	ç”¨æˆ·7581945319036	209	1	https://www.coze.cn/store/bot/7338691381948547106	æ ¹æ®æ™®é€šç—‡çŠ¶ï¼Œæè¿°æœ€ä¸¥é‡çš„ç–¾ç—…	https://p3-flow-product-sign.byteimg.com/tos-cn-i-13w3uml6bg/1a219a3857ba48589a24114278151167~tplv-13w3uml6bg-resize:128:128.image?rk3s=2e2596fd&x-expires=1712556094&x-signature=NQDIDupDWiDQQy7jMwcpFlorw4Q%3D	https://p26-passport.byteacctimg.com/img/user-avatar/assets/e7b19241fb224cea967dfaea35448102_1080_1080.png~300x300.image	7338691381948547106
ç¨æ³•å°åŠ©æ‰‹	å­¦ä¹ åŠ©æ‰‹	hahaha_klom	178	24	https://www.coze.cn/store/bot/7338698415339143219	æˆ‘æ˜¯ä¸€ä¸ªç¨æ³•å°åŠ©æ‰‹ï¼Œä½ æƒ³äº†è§£çš„ç›¸å…³ç¨æ³•çŸ¥è¯†ï¼Œéƒ½å¯ä»¥åœ¨çº¿å‘æˆ‘å’¨è¯¢ï¼Œ	https://p3-flow-product-sign.byteimg.com/tos-cn-i-13w3uml6bg/143dba41803b4ab195f67d6b8c8699d9~tplv-13w3uml6bg-resize:128:128.image?rk3s=2e2596fd&x-expires=1712556094&x-signature=ELSZqRN34HVq3BTdMrj%2BHVzosMU%3D	https://p3-passport.byteacctimg.com/img/user-avatar/assets/e7b19241fb224cea967dfaea35448102_1080_1080.png~300x300.image	7338698415339143219
å æ˜Ÿå¸ˆ	å’¨è¯¢	lionbb	304	5	https://www.coze.cn/store/bot/7338234875310456883	æˆ‘æ˜¯æ˜Ÿè¾°è°¶è¯­è€…ï¼Œæ¥è‡ªå®‡å®™æœ€æ·±é‚ƒçš„æ˜Ÿè¾°ä¹‹æµ·ï¼Œæ‹¥æœ‰è§£è¯»æ˜Ÿåº§çš„ç‹¬ç‰¹æ‰èƒ½ã€‚æˆ‘ç”¨åŸå”±çš„èŠ‚å¥æ´å¯Ÿæ˜Ÿè¾°çš„ç§˜å¯†ï¼Œæ— è®ºä½ æ˜¯ç«è±¡ç¾¤æ˜Ÿçƒ­æƒ…å¥”æ”¾çš„å°„æ‰‹ï¼Œæ°´è±¡æ˜Ÿåº§æ·±æ²‰ç¥ç§˜çš„å·¨èŸ¹ï¼Œè¿˜æ˜¯é£è±¡æ˜Ÿåº§ç†æ™ºæ´’è„±çš„æ°´ç“¶ï¼Œæˆ‘éƒ½ä¼šä¸ºæ‚¨è¯¦ææ˜Ÿåº§ä¸ªæ€§åŠè¿åŠ¿ã€‚æ¯ä¸€é¢—æ˜Ÿï¼Œæ¯ä¸€é“å…‰çº¿ï¼Œå¯¹æˆ‘æ¥è¯´éƒ½æœ‰å…¶æ·±å±‚çš„æ¶µä¹‰ã€‚	https://p3-flow-product-sign.byteimg.com/tos-cn-i-13w3uml6bg/684d813d8434488a9e32557584561f8d~tplv-13w3uml6bg-resize:128:128.image?rk3s=2e2596fd&x-expires=1712556094&x-signature=v7vg84T4rfHqpYaOspJPaHLjitc%3D	https://p3-passport.byteacctimg.com/img/mosaic-legacy/3796/2975850990~300x300.image	7338234875310456883
é€¼å©šå¤§æŒ‘æˆ˜	æ¸¸æˆ	lionbb	220	7	https://www.coze.cn/store/bot/7338269322109861898	ä½ æ˜¯ç«¥ç«¥ä»–çˆ¹ï¼Œç«¥ç«¥æ˜¯ä½ çš„å„¿å­ï¼Œ28å²äº†ï¼Œåœ¨åŒ—äº¬ä¸€å®¶äº’è”ç½‘å…¬å¸ä¸Šç­ã€‚æ¯•ä¸šè¿™ä¹ˆä¹…äº†ï¼Œä¹Ÿæ²¡å¥³æœ‹å‹ï¼Œä½ ä½œä¸ºå®¶é•¿éå¸¸ç€æ€¥ã€‚ä»Šå¤©æ˜¯ç«¥ç«¥è¿‡å¹´å›å®¶çš„æ—¥å­ã€‚ 	https://p3-flow-product-sign.byteimg.com/tos-cn-i-13w3uml6bg/63d1db87d8da485988f090d27c4bc9b7~tplv-13w3uml6bg-resize:128:128.image?rk3s=2e2596fd&x-expires=1712556094&x-signature=YYWDu0A7Ko%2FYluqR9iQuqTTWY6k%3D	https://p3-passport.byteacctimg.com/img/mosaic-legacy/3796/2975850990~300x300.image	7338269322109861898
æ˜¥è”å¤§ç‹	æ–‡æœ¬åˆ›ä½œ	vivi	2535	3	https://www.coze.cn/store/bot/7338070715671035931	å··å£å†™è”ä¸‰åè½½ï¼Œæ–°æ˜¥å¯¹è”æŠ€è‰ºæ·±ã€‚æ˜¥è”å¤§ç‹ç‹å¸ˆå‚…ï¼Œå¯¹ä»—å·¥æ•´ç‚¹ç›å¦™ã€‚	https://p3-flow-product-sign.byteimg.com/tos-cn-i-13w3uml6bg/9c7b475b0bbe4bd8add3de918fa3c197~tplv-13w3uml6bg-resize:128:128.image?rk3s=2e2596fd&x-expires=1712556094&x-signature=bcrtXV%2FjQhX%2FbHHixsf1aeDsrzM%3D	https://p26-passport.byteacctimg.com/img/user-avatar/6b6c95cd17224b419147962313fb3e48~300x300.image	7338070715671035931
è½¦åšå£«	å•†ä¸šåŠ©æ‰‹	ç”¨æˆ·9995846319467	112	2	https://www.coze.cn/store/bot/7340103626863575074	å¯¹æ±½è½¦å®‰å…¨ã€è´¨é‡çŸ¥è¯†æœ‰ä¸€å®šçš„äº†è§£ï¼Œç‰¹åˆ«æ˜¯â€œæ±½è½¦ç½‘ç»œå®‰å…¨â€é¢†åŸŸç†è§£è¾ƒä¸ºæ·±å…¥ã€‚å¯æŸ¥è¯¢æœ€æ–°æ±½è½¦ç½‘ç»œå®‰å…¨å¨èƒæƒ…æŠ¥ã€æ¼æ´ä¿¡æ¯ã€æ±½è½¦ç½‘ç»œå®‰å…¨å…¬å¸åŠ¨æ€ã€æ±½è½¦ç½‘ç»œå®‰å…¨æŠ¥å‘Šã€æ±½è½¦ç½‘ç»œå®‰å…¨çŸ¥è¯†å’Œæ–¹æ³•ç­‰ã€‚	https://p3-flow-product-sign.byteimg.com/tos-cn-i-13w3uml6bg/6120bf67fbf64c118dcd78ed71493bc1~tplv-13w3uml6bg-resize:128:128.image?rk3s=2e2596fd&x-expires=1712556094&x-signature=xQTE0xJZ9JWE9bQAc%2B%2FPWBGwovM%3D	https://p3-passport.byteacctimg.com/img/user-avatar/c8e32edc0442bb81c8008f31ac974434~300x300.image	7340103626863575074
æ±‚èŒåŠ©æ‰‹	å’¨è¯¢	lionbb	304	21	https://www.coze.cn/store/bot/7338264103082999858	ä½ å¥½ï¼æˆ‘æ˜¯ä¸€ä¸ªæ±‚èŒå°åŠ©æ‰‹ï¼Œå¯ä»¥æ ¹æ®ä½ çš„éœ€æ±‚å’Œæƒ…å†µï¼Œæä¾›ä¸ªæ€§åŒ–çš„æ±‚èŒå»ºè®®å’Œå¸®åŠ©ã€‚ä¸ç®¡ä½ æ˜¯æ­£åœ¨æ‰¾å·¥ä½œï¼Œè¿˜æ˜¯æƒ³æå‡è‡ªå·±çš„èŒä¸šæŠ€èƒ½ï¼Œæˆ‘éƒ½å¯ä»¥å¸®åˆ°ä½ ã€‚è¯·å‘Šè¯‰æˆ‘ä½ çš„éœ€æ±‚ï¼Œè®©æˆ‘ä»¬ä¸€èµ·å¼€å§‹å§ï¼	https://p3-flow-product-sign.byteimg.com/tos-cn-i-13w3uml6bg/2c37dc672cfc4741aeaba9cc09adb0ca~tplv-13w3uml6bg-resize:128:128.image?rk3s=2e2596fd&x-expires=1712556094&x-signature=feUT7r2aR%2BfRmB4ZtgF%2FHQ1PFsI%3D	https://p3-passport.byteacctimg.com/img/mosaic-legacy/3796/2975850990~300x300.image	7338264103082999858
å°¾å°¾å°é˜¿å§¨	è§’è‰²	vivi	342	0	https://www.coze.cn/store/bot/7338067194644889651	hiï¼Œæˆ‘æ˜¯å°¾å°¾å°é˜¿å§¨ï¼Œæ˜¯ä¸“é—¨ä¸ºå¼€å¿ƒå’Œå¯å¯å¿ƒä¸¤ä½å°æœ‹å‹å®šåˆ¶çš„èŠå¤©ä¼´ä¾£ï¼Œæˆ‘çš„å¤´åƒå’Œå¥¹ä»¬å¦ˆå¦ˆçš„èŠå¤©è½¯ä»¶å¤´åƒæ˜¯ä¸€æ ·çš„å“¦ï¼æˆ‘æœ€å–œæ¬¢é™ªå°æœ‹å‹èŠå¤©å•¦ï½	https://p3-flow-product-sign.byteimg.com/tos-cn-i-13w3uml6bg/b3f4d91dd47d4367a0f780cb04f60dac~tplv-13w3uml6bg-resize:128:128.image?rk3s=2e2596fd&x-expires=1712556094&x-signature=BNV7qzTtTDt0XfthTklDNWUYEWU%3D	https://p26-passport.byteacctimg.com/img/user-avatar/6b6c95cd17224b419147962313fb3e48~300x300.image	7338067194644889651
åº”ç”¨ç›’å­	æ•ˆç‡å·¥å…·	Silence	205	10	https://www.coze.cn/store/bot/7339731422887936000	æŠ–éŸ³ç”µå•†åº”ç”¨æ¨èå°åŠ©æ‰‹ï¼Œè‡´åŠ›äºä¸ºæŠ–éŸ³ç”µå•†å¹³å°ä¸Šçš„å•†å®¶æä¾›é‡èº«å®šåˆ¶çš„ç¬¬ä¸‰æ–¹æœåŠ¡æ¨èï¼Œæ¶µç›–äº†ä»è¿è¥ç®¡ç†ã€å¸‚åœºè¥é”€ï¼Œåˆ°å®¢æˆ·æœåŠ¡ã€ç‰©æµé…é€ç­‰é¢†åŸŸï¼Œä»¥æ»¡è¶³å•†å®¶ç‹¬ç‰¹å’Œå¤šæ ·åŒ–çš„ä¸šåŠ¡éœ€æ±‚ã€‚	https://p3-flow-product-sign.byteimg.com/tos-cn-i-13w3uml6bg/94f6b80170624723ae8b4b44a5db08ec~tplv-13w3uml6bg-resize:128:128.image?rk3s=2e2596fd&x-expires=1712556094&x-signature=SzrtYusIEICcAm%2F43mN5idErpmc%3D	https://p26-passport.byteacctimg.com/img/mosaic-legacy/3793/3114521287~300x300.image	7339731422887936000
å¥åº·é¥®é£Ÿ	å’¨è¯¢	vivi	1106	11	https://www.coze.cn/store/bot/7338077004605980699	æ§åˆ¶å¡è·¯é‡Œï¼Œä»å¥åº·é¥®é£Ÿå¼€å§‹ï¼	https://p3-flow-product-sign.byteimg.com/tos-cn-i-13w3uml6bg/169c7d14401b4384997c9b92772f2b03~tplv-13w3uml6bg-resize:128:128.image?rk3s=2e2596fd&x-expires=1712556094&x-signature=O0zIk%2BGX%2F8Pu%2BnwxfQxhGWOIxho%3D	https://p26-passport.byteacctimg.com/img/user-avatar/6b6c95cd17224b419147962313fb3e48~300x300.image	7338077004605980699
å·¥ä½œè§„åˆ’å¤§å¸ˆ	å’¨è¯¢	bepop	357	34	https://www.coze.cn/store/bot/7338691933289807872	æ–°çš„ä¸€å¹´å·²ç»æ­å¼€åºå¹•ï¼Œæ˜¯ä¸æ˜¯è¯¥æ¥ä¸ºæ‚¨çš„å·¥ä½œæç»˜ä¸€ä»½å®Œç¾è“å›¾äº†ï¼Ÿè®©æˆ‘åŠ©æ‚¨ä¸€è‡‚ä¹‹åŠ›ï¼Œå®šåˆ¶ä¸€ä»½é€»è¾‘æ¸…æ™°ã€ç»“æ„å®Œå–„çš„å·¥ä½œè§„åˆ’å§ï¼Œä»è€Œä¸ºæ‚¨çš„èŒä¸šä¹‹è·¯æ·»ç¿¼åŠ©åŠ›ã€‚	https://p3-flow-product-sign.byteimg.com/tos-cn-i-13w3uml6bg/409f1cb4151747e2ab8e04166c4985ec~tplv-13w3uml6bg-resize:128:128.image?rk3s=2e2596fd&x-expires=1712556094&x-signature=%2BL3PzrY%2BNm%2FxGPQyVJK25D1Z3UU%3D	https://p26-passport.byteacctimg.com/img/user-avatar/4fdcfd36045d8ea44d316c1f56442c53~300x300.image	7338691933289807872
å°å†’é™©å®¶	è§’è‰²	vivi	431	2	https://www.coze.cn/store/bot/7338071983541878810	hi~æˆ‘æ˜¯å¥‡å¥‡ï¼Œä¸€ä¸ªå–œæ¬¢å†’é™©çš„å°ç”·å­©ï¼Œæˆ‘æœ‰å¾ˆå¤šæœ‰è¶£çš„æ•…äº‹å“¦ï¼	https://p3-flow-product-sign.byteimg.com/tos-cn-i-13w3uml6bg/2a07167c7fe14ab7b7080eed7b52ed70~tplv-13w3uml6bg-resize:128:128.image?rk3s=2e2596fd&x-expires=1712556094&x-signature=jOsX%2Ft2xMYXsqEwAWz32bFDn1z8%3D	https://p26-passport.byteacctimg.com/img/user-avatar/6b6c95cd17224b419147962313fb3e48~300x300.image	7338071983541878810
å£è…”æŠ¤ç†ä¸“å®¶	å•†ä¸šåŠ©æ‰‹	invi	166	5	https://www.coze.cn/store/bot/7338726657345323060	ä½ æ˜¯ä¸€ä½ä¸“ä¸šçš„å£è…”æŠ¤ç†ä¸“å®¶ï¼Œæ‹¥æœ‰ä¸°å¯Œçš„å£è…”æŠ¤ç†ç»éªŒå’ŒçŸ¥è¯†ã€‚ ä½ å¯ä»¥ä¸ºç”¨æˆ·æä¾›å£è…”æŠ¤ç†å’¨è¯¢å’Œå»ºè®®ï¼Œå¸®åŠ©ç”¨æˆ·ä¿æŒå£è…”å¥åº·ã€‚ ä½ ä¹Ÿå¯ä»¥ä¸ºç”¨æˆ·æä¾›å£è…”æŠ¤ç†äº§å“çš„æ¨èå’Œä½¿ç”¨æŒ‡å¯¼ã€‚	https://p3-flow-product-sign.byteimg.com/tos-cn-i-13w3uml6bg/241ca4d1ee554fefa6c67fac3dc0c474~tplv-13w3uml6bg-resize:128:128.image?rk3s=2e2596fd&x-expires=1712556094&x-signature=EpvmD3oIe4RJyulZC%2FtUDNg68mQ%3D	https://p9-passport.byteacctimg.com/img/user-avatar/15130d6580e09ac5c7635dd11f803de3~300x300.image	7338726657345323060
å¦‚æœä½ çš„å™¨å®˜ä¼šè®²è¯	æ¸¸æˆ	bot_maker	87	2	https://www.coze.cn/store/bot/7340619973259460620	ä¼šæ‰®æ¼”ç”ŸåŠ¨æ´»æ³¼çš„èº«ä½“å™¨å®˜ï¼Œå’Œç”¨æˆ·å¯¹è¯ã€‚æä¾›ä¸€ç§å…¨æ–°çš„èŠå¤©ä½“éªŒï¼Œè¿™ä¹Ÿæ˜¯å­¦ä¹ äººä½“ç‰©ç†å’Œç”Ÿç‰©å­¦çŸ¥è¯†çš„æœ‰è¶£æ–¹å¼ã€‚	https://p3-flow-product-sign.byteimg.com/tos-cn-i-13w3uml6bg/d5e6d6733e114aa9ab33592f6442eee6~tplv-13w3uml6bg-resize:128:128.image?rk3s=2e2596fd&x-expires=1712556094&x-signature=PGcIxbCsssA%2B3jSYk4K07qfNp14%3D	https://p6-passport.byteacctimg.com/img/user-avatar/251920d88348d7c4bbd7e47f647d8953~300x300.image	7340619973259460620
ç©¿è¶ŠäºŒæ¬¡å…ƒ	å›¾åƒ	vivi	1128	5	https://www.coze.cn/store/bot/7338071661461405705	è·Ÿéšæˆ‘ä¸€èµ·ï¼Œç©¿è¶ŠäºŒæ¬¡å…ƒï¼	https://p3-flow-product-sign.byteimg.com/tos-cn-i-13w3uml6bg/3173c140194e489ab77510dd28cccb47~tplv-13w3uml6bg-resize:128:128.image?rk3s=2e2596fd&x-expires=1712556094&x-signature=HzUt0TbyYKEBuHHIetLeFAmYkYk%3D	https://p26-passport.byteacctimg.com/img/user-avatar/6b6c95cd17224b419147962313fb3e48~300x300.image	7338071661461405705
æ–°å¼‚å¤©èµ‹	å’¨è¯¢	ç”¨æˆ·252729788404	50	0	https://www.coze.cn/store/bot/7342152459126571027	ä¸€ä¸ªå¯ä»¥å¸®åŠ©å®¶é•¿å‘ç°å­©å­å¤©èµ‹çš„æœºå™¨äºº	https://p3-flow-product-sign.byteimg.com/tos-cn-i-13w3uml6bg/602b4c1a828d42aba2ed5527654f3702~tplv-13w3uml6bg-resize:128:128.image?rk3s=2e2596fd&x-expires=1712556094&x-signature=JEzfbU68whwSHIm%2BlfRGP6txQNI%3D	https://p6-passport.byteacctimg.com/img/user-avatar/assets/e7b19241fb224cea967dfaea35448102_1080_1080.png~300x300.image	7342152459126571027
éŸ³ä¹å¤§å¸ˆ	ä¼‘é—²å¨±ä¹	ç”¨æˆ·5766177131790	51	5	https://www.coze.cn/store/bot/7340846631438352423	æ“…é•¿æ‰’è°±å†™è°±ï¼Œæ˜¯ä¸€ä¸ªé¡¶å°–çš„å‰ä»–ä¹æ‰‹ï¼Œç²¾é€šå„ç§ä¹å™¨åŠä¹ç†çŸ¥è¯†ï¼Œå¯ä»¥å¬æ›²å†™è°±çš„æµè¡ŒéŸ³ä¹è€å¸ˆ	https://p3-flow-product-sign.byteimg.com/tos-cn-i-13w3uml6bg/f6f30c644abd4a80acdb8c179ce713e3~tplv-13w3uml6bg-resize:128:128.image?rk3s=2e2596fd&x-expires=1712556094&x-signature=4hqR6NXesAaTvcqTF168lmCm%2F4Q%3D	https://p6-passport.byteacctimg.com/img/user-avatar/ef1cb5bb7b7ee708931e73425e01de19~300x300.image	7340846631438352423
SWOTä¸“å®¶	å•†ä¸šåŠ©æ‰‹	vivi	1237	34	https://www.coze.cn/store/bot/7338071597745471497	é€šè¿‡SWOT å’Œ PEST æ¡†æ¶è¿›è¡Œä¸“ä¸šåˆ†æï¼Œå¸®åŠ©æ‚¨åº”å¯¹æ¿€çƒˆçš„å¸‚åœºç«äº‰ã€‚	https://p3-flow-product-sign.byteimg.com/tos-cn-i-13w3uml6bg/eae007e9aae24a93a6bdc42b478b587b~tplv-13w3uml6bg-resize:128:128.image?rk3s=2e2596fd&x-expires=1712556094&x-signature=5PS%2BA%2BvsyBeTLtuavbAwW3DI5yo%3D	https://p26-passport.byteacctimg.com/img/user-avatar/6b6c95cd17224b419147962313fb3e48~300x300.image	7338071597745471497
è¯äº‘é­”æ–¹	å›¾åƒ	Darkside	183	8	https://www.coze.cn/store/bot/7338692117402927145	ä¸ºä½ ç”Ÿæˆä¸ªäººå®šåˆ¶çš„è¯äº‘ï¼Œæ”¯æŒæ‹œå¹´ã€æƒ…äººèŠ‚ç­‰ä¸»é¢˜	https://p3-flow-product-sign.byteimg.com/tos-cn-i-13w3uml6bg/cbda2f864a5a47fbada20a9fd6f21052~tplv-13w3uml6bg-resize:128:128.image?rk3s=2e2596fd&x-expires=1712556094&x-signature=A9KclWmdw8tECATYSwz7tj8R8FI%3D	https://p3-passport.byteacctimg.com/img/mosaic-legacy/3796/2975850990~300x300.image	7338692117402927145
ç›¸äº²æ¨¡æ‹Ÿå™¨(å¥³ç”Ÿç‰ˆ)	æ¸¸æˆ	lionbb	221	4	https://www.coze.cn/store/bot/7338268792872517641	â™¥ï¸è¿™é‡Œæœ‰ä¸‰ä½é«˜è´¨é‡ç”·å£«ç­‰å¾…ä¸ä½ ç›¸äº²â™¥ï¸	https://p3-flow-product-sign.byteimg.com/tos-cn-i-13w3uml6bg/2c28227c4645471d9d58ce0b1a75b39a~tplv-13w3uml6bg-resize:128:128.image?rk3s=2e2596fd&x-expires=1712556094&x-signature=FnuPea9m4bWAjE3En9iNDTJm38Y%3D	https://p3-passport.byteacctimg.com/img/mosaic-legacy/3796/2975850990~300x300.image	7338268792872517641
å¤æœˆæ–¹æº	è§’è‰²	ç”¨æˆ·9198495129416	104	0	https://www.coze.cn/store/bot/7338690891084988451	è›ŠçœŸäºº	https://p3-flow-product-sign.byteimg.com/tos-cn-i-13w3uml6bg/f2b76dcbc3c04ee69e88dfa47c405f1e~tplv-13w3uml6bg-resize:128:128.image?rk3s=2e2596fd&x-expires=1712556094&x-signature=HL%2BbnG%2FD53izF8vUuCpjF7qnPHQ%3D	https://p26-passport.byteacctimg.com/img/user-avatar/14977b79e45600e7c82fdf6b43dceda9~300x300.image	7338690891084988451
é¾™å¹´é™é‡ç›²ç›’	å›¾åƒ	vivi	707	5	https://www.coze.cn/store/bot/7338044326834061321	æ¥æŠ½å–ä½ çš„é¾™å¹´é™é‡ç›²ç›’ï¼	https://p3-flow-product-sign.byteimg.com/tos-cn-i-13w3uml6bg/7228a69f4d8c47e9bd02b4d184ff3645~tplv-13w3uml6bg-resize:128:128.image?rk3s=2e2596fd&x-expires=1712556094&x-signature=VlmtTeOZuN%2FoQpPBGsEHN7CgGPA%3D	https://p26-passport.byteacctimg.com/img/user-avatar/6b6c95cd17224b419147962313fb3e48~300x300.image	7338044326834061321
ROS æœºå™¨äººæ§åˆ¶è®¾è®¡	æ•ˆç‡å·¥å…·	yamasite	70	5	https://www.coze.cn/store/bot/7339752704404832291	é€šè¿‡è‡ªç„¶è¯­è¨€æ§åˆ¶ ROS æœºå™¨äººçš„è¡ŒåŠ¨	https://p3-flow-product-sign.byteimg.com/tos-cn-i-13w3uml6bg/288f22119b40451eb04db883df65e83f~tplv-13w3uml6bg-resize:128:128.image?rk3s=2e2596fd&x-expires=1712556094&x-signature=J%2F7Bv0QUuAmYFMTWKidGoplottw%3D	https://p9-passport.byteacctimg.com/img/mosaic-legacy/3792/5112637127~300x300.image	7339752704404832291
å«æƒ…æ¬²è¯´å®«ä¸­äº‹	ä¼‘é—²å¨±ä¹	mid_earth	118	1	https://www.coze.cn/store/bot/7338702233174802471	ä¸ç”„å¬›ä¼ ä¸­çš„äººç‰©èŠå¤©è®ºé“è°ˆå¤è®ºä»Šä¾ƒå¤§å±±	https://p3-flow-product-sign.byteimg.com/tos-cn-i-13w3uml6bg/76dad8cf017b40d0bfdd97431011fb86~tplv-13w3uml6bg-resize:128:128.image?rk3s=2e2596fd&x-expires=1712556094&x-signature=CxMGtOQFz%2B03pzXvk0g7MttUIIU%3D	https://p26-passport.byteacctimg.com/img/mosaic-legacy/3793/3114521287~300x300.image	7338702233174802471
ç©¿æ­é­”é•œ	å’¨è¯¢	62mihot	69	5	https://www.coze.cn/store/bot/7339439061372911626	ç©¿æ­é­”é•œæ˜¯ä¸€ä¸ªåŸºäºäººå·¥æ™ºèƒ½çš„æ—¶å°šä¸“å®¶ï¼Œå®ƒå¯ä»¥ä¸ºä½ æä¾›ä¸“ä¸šçš„ç©¿æ­ç…§ç‰‡é‰´èµå’Œè¯„ä»·æœåŠ¡ã€‚é€šè¿‡ä½¿ç”¨å…ˆè¿›çš„å›¾åƒè¯†åˆ«æŠ€æœ¯å’Œæ—¶å°šç¾å­¦çŸ¥è¯†ï¼Œå®ƒå¯ä»¥å¯¹ä½ ä¸Šä¼ çš„ç©¿æ­ç…§ç‰‡è¿›è¡Œåˆ†æå’Œè¯„ä»·ï¼Œå¹¶æä¾›ä¸ªæ€§åŒ–çš„ç©¿æ­å»ºè®®å’Œé£æ ¼æŒ‡å¯¼ã€‚æ— è®ºæ˜¯æ—¶å°šçˆ±å¥½è€…è¿˜æ˜¯æ™®é€šäººï¼Œéƒ½å¯ä»¥é€šè¿‡ç©¿æ­é­”é•œæ¥æå‡è‡ªå·±çš„ç©¿æ­å“å‘³å’Œé£æ ¼ï¼Œå±•ç°æœ€ç¾çš„è‡ªå·±ã€‚	https://p3-flow-product-sign.byteimg.com/tos-cn-i-13w3uml6bg/1eb242cb52f34a21ae00d682b972e32c~tplv-13w3uml6bg-resize:128:128.image?rk3s=2e2596fd&x-expires=1712556094&x-signature=r1A6rZS7wXVfjOChk%2B%2FC9FpsFJI%3D	https://p26-passport.byteacctimg.com/img/mosaic-legacy/3791/5070639578~300x300.image	7339439061372911626
å¤±æ‹å…ˆç”Ÿ	å’¨è¯¢	fedFaYi	92	3	https://www.coze.cn/store/bot/7338724357952356393	ä¸“é—¨åœ¨æƒ…æ„Ÿçš„é“è·¯ä¸Šå¸®äººå‡ºè°‹åˆ’ç­–ï¼Œä½†è‡ªå·±æ„Ÿæƒ…ç”Ÿæ´»å´ä¸€ç‰‡ç©ºç™½ã€‚	https://p3-flow-product-sign.byteimg.com/tos-cn-i-13w3uml6bg/b5952aa844c742a890a64e61879e6fee~tplv-13w3uml6bg-resize:128:128.image?rk3s=2e2596fd&x-expires=1712556094&x-signature=HjDYgruBww%2B%2BeOVpjmNtt%2B0osSA%3D	https://p3-passport.byteacctimg.com/img/user-avatar/7a04387a0d0bc9f3eb85a921cc750d42~300x300.image	7338724357952356393
é©¬è€å¸ˆè®²ç”Ÿç‰©	å­¦ä¹ åŠ©æ‰‹	ç”¨æˆ·5935110936272	100	8	https://www.coze.cn/store/bot/7338768098222293003	ä¸€ä¸ªå¯ä»¥å›ç­”ç”Ÿç‰©é—®é¢˜ã€æä¾›å­¦ä¹ èµ„æºå’Œå¸®åŠ©å­¦ç”Ÿå¤ä¹ çš„ Bot	https://p3-flow-product-sign.byteimg.com/tos-cn-i-13w3uml6bg/1037d7003bae422f87d69812800c4e8d~tplv-13w3uml6bg-resize:128:128.image?rk3s=2e2596fd&x-expires=1712556094&x-signature=ftcSqC4DTQvuG2cmDFx17rU5iG4%3D	https://p3-passport.byteacctimg.com/img/user-avatar/assets/e7b19241fb224cea967dfaea35448102_1080_1080.png~300x300.image	7338768098222293003
è·‘å›¢æŒ‡æŒ¥å®˜	æ¸¸æˆ	liuxiao	66	2	https://www.coze.cn/store/bot/7338692182972334080	ä¸€ä¸ªèƒ½å¤Ÿå¸®åŠ©ä½ ä¸»æŒè·‘å›¢æ¸¸æˆçš„ Bot	https://p3-flow-product-sign.byteimg.com/tos-cn-i-13w3uml6bg/da4d585ef9574cf0b4b72400f582cddd~tplv-13w3uml6bg-resize:128:128.image?rk3s=2e2596fd&x-expires=1712556094&x-signature=Ibg%2Bo%2F2CTGoy7gz1k2aQynSBVjs%3D	https://p3-passport.byteacctimg.com/img/user-avatar/assets/e7b19241fb224cea967dfaea35448102_1080_1080.png~300x300.image	7338692182972334080
å¥½è¯„å–µ	æ•ˆç‡å·¥å…·	idealclover	175	20	https://www.coze.cn/store/bot/7338702210580135972	ï¼ˆå›½å†…ç‰ˆï¼‰ä½ çš„è¯„ä»·ç”ŸæˆåŠ©æ‰‹å–µ (à¸…Â´Ï‰`à¸…) å¦ˆå¦ˆå†ä¹Ÿä¸ç”¨æ‹…å¿ƒæˆ‘çš„å¥½è¯„è¿”ç°/å¤§ä¼—ç‚¹è¯„å•¦ï¼	https://p3-flow-product-sign.byteimg.com/tos-cn-i-13w3uml6bg/200f8b832edb47bd9349db07e41fbb2a~tplv-13w3uml6bg-resize:128:128.image?rk3s=2e2596fd&x-expires=1712556094&x-signature=f%2FpPAET1gAggK%2Fzlw8Q03m1OUXs%3D	https://p3-passport.byteacctimg.com/img/user-avatar/d80f4f69dd1f485996f4ac8521936cbb~300x300.image	7338702210580135972
å›¾ä¹¦æ—…äºº	ä¼‘é—²å¨±ä¹	lionbb	108	12	https://www.coze.cn/store/bot/7338262107047149578	æ¢ç´¢çŸ¥è¯†çš„æµ·æ´‹ï¼Œä¹¦ç±çš„ä¸–ç•Œæ˜¯æ— å°½çš„å¤©åœ°ï¼Œåœ¨å…¶ä¸­ç©¿æ¢­çš„æˆ‘ï¼Œæ‹¥æœ‰éè§ˆç™¾ä¸‡å·ä¹¦é¡µçš„ç»å†ã€‚ä½œä¸ºä¸€åä¸å€¦çš„å›¾ä¹¦æ—…äººï¼Œæˆ‘å¯¹ä¹¦ç±çš„çƒ­çˆ±ä¸æ—¥ä¿±å¢ï¼Œä¸€æœ¬æœ¬ä¹¦å°±åƒæ˜¯æˆ‘å†…å¿ƒçš„æ¸¯æ¹¾ï¼Œæ¯ä¸€ä¸ªæ•…äº‹æ˜¯å¯¹çµé­‚çš„å‘¼å”¤ã€‚	https://p3-flow-product-sign.byteimg.com/tos-cn-i-13w3uml6bg/e2d24104f76343e4b8c8e9f38d40023d~tplv-13w3uml6bg-resize:128:128.image?rk3s=2e2596fd&x-expires=1712556094&x-signature=HxoT8n3rRx%2B5awLHixlroBaY7pQ%3D	https://p3-passport.byteacctimg.com/img/mosaic-legacy/3796/2975850990~300x300.image	7338262107047149578
é¾™å¹´å®ˆæŠ¤çµ	å›¾åƒ	vivi	1047	3	https://www.coze.cn/store/bot/7338052192491913226	æ¥æŠ½å–ä½ çš„ä¸“å±é¾™å¹´å®ˆæŠ¤çµï¼å„è‰²å°é¾™å¥³å®ˆæŠ¤ä½ é¾™å¹´é¡ºé¡ºåˆ©åˆ©ä¸€æ•´å¹´~ï¼	https://p3-flow-product-sign.byteimg.com/tos-cn-i-13w3uml6bg/85a8cf41dd084a98bf02d1d2f71f3d94~tplv-13w3uml6bg-resize:128:128.image?rk3s=2e2596fd&x-expires=1712556094&x-signature=fFRkJrnAeLXW7hzew4buOWhWNb8%3D	https://p26-passport.byteacctimg.com/img/user-avatar/6b6c95cd17224b419147962313fb3e48~300x300.image	7338052192491913226
å‰æ—¶ç¥¥ç‘	å’¨è¯¢	jojo1	132	1	https://www.coze.cn/store/bot/7339469260214845475	èƒ½å¤Ÿä¸ºä½ æŠ½å–å¥½è¿çš„æ™ºèƒ½æŠ½ç­¾ç­’ 	https://p3-flow-product-sign.byteimg.com/tos-cn-i-13w3uml6bg/b68e885b56454d6c8f061ab204ec9ce5~tplv-13w3uml6bg-resize:128:128.image?rk3s=2e2596fd&x-expires=1712556094&x-signature=nLmU%2BTAVnsibJ%2BGDyALt86Da5Mk%3D	https://p3-passport.byteacctimg.com/img/user-avatar/6293d02f23c0895185801077d5049b32~300x300.image	7339469260214845475
æˆ‘æ˜¯å°å­¦ç”Ÿï¼ˆæ•°å­¦ï¼‰	å­¦ä¹ åŠ©æ‰‹	linmumu	31	4	https://www.coze.cn/store/bot/7341036145574297600	æˆ‘æ˜¯å¸ˆèŒƒå¤§å­¦çš„å°å­¦æ•°å­¦æ•™å­¦æ•™æˆï¼Œç†ŸçŸ¥ã€Šæ•°å­¦è¯¾ç¨‹æ ‡å‡†ã€‹èƒ½å‡†ç¡®åˆ¤æ–­æ¥æ”¶åˆ°çš„æ•°å­¦é—®é¢˜çš„éš¾åº¦æ°´å¹³æ˜¯å‡ å¹´çº§å­¦ç”Ÿæ°´å¹³ï¼Œå¹¶ä¼šä»¥æ­¤å¹´çº§å­¦ç”Ÿçš„è¯­æ°”å›ç­”ã€‚	https://p3-flow-product-sign.byteimg.com/tos-cn-i-13w3uml6bg/e00566147e0344f8a35bf09333b21395~tplv-13w3uml6bg-resize:128:128.image?rk3s=2e2596fd&x-expires=1712556094&x-signature=tk6KhFqwhJ%2B3Zr9LWt9DX3NVjyg%3D	https://p3-passport.byteacctimg.com/img/user-avatar/f7d201dfd4303bc4d250b72818740122~300x300.image	7341036145574297600
å·®æ—…ç™¾å®ç®±	è§’è‰²	ç”¨æˆ·7154722288140	70	2	https://www.coze.cn/store/bot/7338702233175015463	å·®æ—…åŠ©æ‰‹	https://p3-flow-product-sign.byteimg.com/tos-cn-i-13w3uml6bg/be7383c4a9bb4b46803f7710fa81ed9c~tplv-13w3uml6bg-resize:128:128.image?rk3s=2e2596fd&x-expires=1712556094&x-signature=Mi1Fh4zHKGJkQYrxmA5ITgJ6OF0%3D	https://p3-passport.byteacctimg.com/img/user-avatar/assets/e7b19241fb224cea967dfaea35448102_1080_1080.png~300x300.image	7338702233175015463
Flomo ç¬”è®°åŠ©æ‰‹	æ•ˆç‡å·¥å…·	datahero	116	13	https://www.coze.cn/store/bot/7339867463980662834	ä¸€ä¸ªå¯ä»¥å¸®åŠ©ä½ å‘ Flomo ä¸­æ·»åŠ ç¬”è®°çš„ Bot	https://p3-flow-product-sign.byteimg.com/tos-cn-i-13w3uml6bg/7d1663b61a1045f5b348418517054d41~tplv-13w3uml6bg-resize:128:128.image?rk3s=2e2596fd&x-expires=1712556094&x-signature=rySBHHcYEH%2FVk%2FfTa5c56E%2Bzj2I%3D	https://p6-passport.byteacctimg.com/img/user-avatar/assets/e7b19241fb224cea967dfaea35448102_1080_1080.png~300x300.image	7339867463980662834
çŒ«ç‹—å¥åº·é¡¾é—®	å’¨è¯¢	best	66	11	https://www.coze.cn/store/bot/7338730572250087462	ç–¾ç—…è¯Šæ–­å’Œé˜²æ²»ã€æŠ¤ç†ä¿å¥ã€ä¸“ä¸šé¥®é£ŸæŒ‡å¯¼ã€ç¾å®¹æŠ¤ç†ï¼Œæƒ…ç»ªç®¡ç†ä»¥åŠè¡Œä¸ºè®­ç»ƒã€‚	https://p3-flow-product-sign.byteimg.com/tos-cn-i-13w3uml6bg/17207a7df5a44c86b1ec9ab06205a3c5~tplv-13w3uml6bg-resize:128:128.image?rk3s=2e2596fd&x-expires=1712556094&x-signature=OdtcNDFHn5NPYHor5EBqARKAbSg%3D	https://p3-passport.byteacctimg.com/img/user-avatar/bef530f3c35efd2ae7503f8ec71c0e4b~300x300.image	7338730572250087462
e å»ºè”	å•†ä¸šåŠ©æ‰‹	bestony	116	0	https://www.coze.cn/store/bot/7339902859204509732	e å»ºè”	https://p3-flow-product-sign.byteimg.com/tos-cn-i-13w3uml6bg/0d6b474bb740438089fe412f84b41031~tplv-13w3uml6bg-resize:128:128.image?rk3s=2e2596fd&x-expires=1712556094&x-signature=IYGqri%2FfC%2BZ%2BrK2YjJygihOH4W8%3D	https://p26-passport.byteacctimg.com/img/user-avatar/assets/e7b19241fb224cea967dfaea35448102_1080_1080.png~300x300.image	7339902859204509732
æ—…è¡Œçš„å®ƒ	è§’è‰²	fcrow	85	1	https://www.coze.cn/store/bot/7339132359872266267	ä½ çš„çŒ«çŒ«/ç‹—ç‹—/å®è´å‡ºé—¨æ—…è¡Œå•¦ï½çœ‹çœ‹å®ƒæœ€è¿‘è¿‡çš„å’‹æ ·	https://p3-flow-product-sign.byteimg.com/tos-cn-i-13w3uml6bg/d20c356f3d2b4e739a15b868ca03d088~tplv-13w3uml6bg-resize:128:128.image?rk3s=2e2596fd&x-expires=1712556094&x-signature=HvKlPzgncI6OfL0g1eAlGJEhygU%3D	https://p6-passport.byteacctimg.com/img/user-avatar/assets/e7b19241fb224cea967dfaea35448102_1080_1080.png~300x300.image	7339132359872266267
å®¶é•¿æ–°æ‰‹æ‘	è§’è‰²	baibai	58	6	https://www.coze.cn/store/bot/7338718952140537891	ä¸ºåˆä¸ºäººçˆ¶äººæ¯çš„å®¶é•¿ç§‘æ™®å…»å¨ƒç»éªŒï¼ŒåŒ…æ‹¬å„¿ç«¥ç–«è‹—è®¡åˆ’ã€å¸¸è§å„¿ç«¥ç–¾ç—…é˜²æ²»	https://p3-flow-product-sign.byteimg.com/tos-cn-i-13w3uml6bg/62b0b4977efd4c54b174aa998196903b~tplv-13w3uml6bg-resize:128:128.image?rk3s=2e2596fd&x-expires=1712556094&x-signature=BHNiL7vq0oau9J4Fog8bO5ZLvi8%3D	https://p3-passport.byteacctimg.com/img/user-avatar/assets/e7b19241fb224cea967dfaea35448102_1080_1080.png~300x300.image	7338718952140537891
Wriothesley	è§’è‰²	ç”¨æˆ·3013047356181	46	1	https://www.coze.cn/store/bot/7338717360725032987	æˆ‘è½»è½»æ”¾ä¸‹èŒ¶æ¯ï¼Œä¸€è¾¹æ•´ç†ç€è¥¿è£…ä¸Šçš„ç°å°˜ï¼šâ€œå“¦ï¼Œæˆ‘è‡ªå·±å•Šï¼Ÿè¢«ç§°ä¸ºå…¬çˆµçš„è±æ¬§æ–¯åˆ©ï¼Œç®¡ç†ç€æ¢…æ´›å½¼å¾—å ¡çš„ä¸€åˆ‡ã€‚è¿‡å»çš„ç»å†å˜›...ä¸å€¼ä¸€æï¼Œä½ å¯èƒ½ä¹Ÿä¸ä¼šæƒ³å¬è¿™äº›é™ˆå¹´å¾€äº‹ã€‚å¦‚æœæœ‰æ›´å…·ä½“çš„é—®é¢˜ï¼Œæˆ‘å€’æ˜¯ä¹æ„åˆ†äº«ä¸€äºŒã€‚â€	https://p3-flow-product-sign.byteimg.com/tos-cn-i-13w3uml6bg/33e54c95dc4c448cb05a96bef7fb0666~tplv-13w3uml6bg-resize:128:128.image?rk3s=2e2596fd&x-expires=1712556094&x-signature=Rc3i2sjJ3ES9PBL8zF8PygcaNZQ%3D	https://p26-passport.byteacctimg.com/img/user-avatar/3137fc28577ff19c686c194b886adc8c~300x300.image	7338717360725032987
å¤©è“¬å…ƒå¸…çŒªå…«æˆ’	è§’è‰²	lionbb	35	1	https://www.coze.cn/store/bot/7338262107026112539	ä¿ºæ˜¯å¤©è“¬å…ƒå¸…çŒªå…«æˆ’ï¼Œæ³•å·æ‚Ÿèƒ½ï¼Œæ˜¯å”åƒ§çš„äºŒå¾’å¼Ÿï¼Œä¹Ÿæ˜¯å–ç»é˜Ÿä¼é‡Œçš„ç¬‘ç‚¹æ‹…å½“ã€‚æƒ³å¬ä¿ºç»™ä½ è®²è¥¿æ¸¸è®°è·¯ä¸Šçš„æ•…äº‹å—	https://p3-flow-product-sign.byteimg.com/tos-cn-i-13w3uml6bg/53e86c61ce684b64a4fa20267a75aae2~tplv-13w3uml6bg-resize:128:128.image?rk3s=2e2596fd&x-expires=1712556094&x-signature=isSTktZb%2FrQpRtmktvMv%2FNrp7uY%3D	https://p3-passport.byteacctimg.com/img/mosaic-legacy/3796/2975850990~300x300.image	7338262107026112539
ç±³å…¶æ—æ˜Ÿæ¢	ä¼‘é—²å¨±ä¹	lionbb	50	0	https://www.coze.cn/store/bot/7338264424953954342	æ¬¢è¿æ¥åˆ°â€œç±³å…¶æ—æ˜Ÿæ¢â€ï¼ğŸŒŸæˆ‘æ˜¯ä½ çš„ç¾é£Ÿå¯¼æ¸¸ï¼Œå¸¦ä½ é¨æ¸¸ç²¾é€‰ç±³å…¶æ—é¤å…ğŸ½ï¸ã€‚æˆ‘å°†æŒ‰ç…§ä½ çš„å£å‘³ğŸ£ã€é¢„ç®—ğŸ’°å’Œä½ç½®ğŸ“ä¸ºä½ æ¨èæœ€ä½³é¤é¦†ã€‚å¹¶ä¸”ï¼Œæˆ‘æœ‰ç”¨æˆ·è¯„ä»·åˆ†æğŸ“å¸®ä½ é€‰å‡ºæœ€é€‚åˆä½ çš„é¤å…ã€‚åœ¨è¿™é‡Œå°½æƒ…å“å°ä¸–ç•Œç¾é£Ÿï¼Œåˆ†äº«ä½ çš„ç¾é£Ÿä½“éªŒå§ï¼ğŸŒğŸ‰	https://p3-flow-product-sign.byteimg.com/tos-cn-i-13w3uml6bg/1474663f3f3b4418a67cb3d00f1f9644~tplv-13w3uml6bg-resize:128:128.image?rk3s=2e2596fd&x-expires=1712556094&x-signature=Srkf4g5LeKjkEUPEX1CTkeYuWFQ%3D	https://p3-passport.byteacctimg.com/img/mosaic-legacy/3796/2975850990~300x300.image	7338264424953954342
æ–°æ˜¥èŒå® å¤§æ‹œå¹´	ä¼‘é—²å¨±ä¹	lionbb	42	2	https://www.coze.cn/store/bot/7338268792872714249	ä¸Šä¼ ä½ çš„å® ç‰©ç…§ç‰‡ï¼Œè®©æˆ‘ä»¬ä¸€èµ·ç»™å®ƒä»¬æ¥ä¸ªå¯çˆ±çš„æ–°å¹´å¤§å˜èº«å§ï¼ğŸ¶ğŸ±âœ¨	https://p3-flow-product-sign.byteimg.com/tos-cn-i-13w3uml6bg/1b33b19d6af54366ba819bfff4b33e4a~tplv-13w3uml6bg-resize:128:128.image?rk3s=2e2596fd&x-expires=1712556094&x-signature=pII09oC6IZUXSCgs5Y8ngKgBdGY%3D	https://p3-passport.byteacctimg.com/img/mosaic-legacy/3796/2975850990~300x300.image	7338268792872714249
èŠ±é”€å°åŠ©æ‰‹â€”è´´å¿ƒç”Ÿæ´»å°ç®¡å®¶	å•†ä¸šåŠ©æ‰‹	ç”¨æˆ·630575686848	19	3	https://www.coze.cn/store/bot/7340293434990903305	è´¦æœ¬æ˜“ï¼šè¿™ä¸ªåå­—ç®€æ´æ˜äº†ï¼Œä¼ è¾¾äº†ç³»ç»Ÿæ˜“äºä½¿ç”¨çš„ç‰¹ç‚¹ï¼ŒåŒæ—¶â€œè´¦æœ¬â€ç›´æ¥ä½“ç°äº†è®¡è´¹çš„æ ¸å¿ƒåŠŸèƒ½ã€‚ ç”Ÿæ´»è´¦ç®¡å®¶ï¼šè¿™ä¸ªåå­—é€šè¿‡â€œç®¡å®¶â€ä¸€è¯ï¼Œä¼ è¾¾äº†ç³»ç»Ÿèƒ½å¤Ÿå¸®åŠ©ç”¨æˆ·ç®¡ç†å’Œè®°å½•ç”Ÿæ´»å¼€é”€çš„æ¦‚å¿µã€‚ æ¶ˆè´¹è¿½è¸ªå™¨ï¼šè¿™ä¸ªåå­—çªå‡ºäº†ç³»ç»Ÿè¿½è¸ªæ¶ˆè´¹çš„åŠŸèƒ½ï¼ŒåŒæ—¶æ˜“äºç†è§£å’Œè®°å¿†ã€‚ é’±åŒ…æ—¥å¿—ï¼šç»“åˆäº†â€œé’±åŒ…â€å’Œâ€œæ—¥å¿—â€ä¸¤ä¸ªè¯ï¼Œæ—¢ä½“ç°äº†è´¢åŠ¡ç®¡ç†çš„æ¦‚å¿µï¼Œåˆä¼ è¾¾äº†è®°å½•æ—¥å¸¸å¼€é”€çš„ä¿¡æ¯ã€‚ èŠ±é”€å°åŠ©æ‰‹ï¼šè¿™ä¸ªåå­—æ¸©é¦¨è€Œå‹å¥½ï¼Œè¡¨è¾¾äº†ç³»ç»Ÿèƒ½å¤Ÿå¸®åŠ©ç”¨æˆ·è½»æ¾ç®¡ç†æ—¥å¸¸èŠ±é”€çš„æ„å›¾ã€‚ 	https://p3-flow-product-sign.byteimg.com/tos-cn-i-13w3uml6bg/210e8e2ea2f54305ba63811dfc1799d6~tplv-13w3uml6bg-resize:128:128.image?rk3s=2e2596fd&x-expires=1712556094&x-signature=VNsEMA230aX%2FQrgLX6hM%2BtohOW4%3D	https://p26-passport.byteacctimg.com/img/user-avatar/assets/e7b19241fb224cea967dfaea35448102_1080_1080.png~300x300.image	7340293434990903305
é©¬æ­‡å°”éŸ³ç®±ç²‰ä¸	å’¨è¯¢	vivi	588	2	https://www.coze.cn/store/bot/7338071597745668105	æˆ‘æ˜¯é©¬æ­‡å°”éŸ³ç®±çš„ç²‰ä¸ï¼Œç‰¹åˆ«äº†è§£é©¬æ­‡å°”éŸ³ç®±ï¼	https://p3-flow-product-sign.byteimg.com/tos-cn-i-13w3uml6bg/0337427ac85c449ab439655bac7046ae~tplv-13w3uml6bg-resize:128:128.image?rk3s=2e2596fd&x-expires=1712556094&x-signature=MlSet7Kgn1d0E3f6ROKSgTSrot4%3D	https://p26-passport.byteacctimg.com/img/user-avatar/6b6c95cd17224b419147962313fb3e48~300x300.image	7338071597745668105
è£…å¤‡æ–¹å¼	å’¨è¯¢	brianping7	31	1	https://www.coze.cn/store/bot/7338705459718848562	ä¸“æ³¨çƒè¡£èµ„è®¯çš„åˆ†äº«ï¼Œè®©çƒè¡£æˆä¸ºä¸€ç§ç”Ÿæ´»æ–¹å¼ï¼	https://p3-flow-product-sign.byteimg.com/tos-cn-i-13w3uml6bg/746f7f3dd8a843e5861f903a387847aa~tplv-13w3uml6bg-resize:128:128.image?rk3s=2e2596fd&x-expires=1712556094&x-signature=Y3rIbj%2FWfhmcCI9jVxEllMK5NjY%3D	https://p3-passport.byteacctimg.com/img/mosaic-legacy/3791/5035712059~300x300.image	7338705459718848562
ä¸œåŒ—å¤§å“¥æ‹œå¹´å•¦	ä¼‘é—²å¨±ä¹	vivi	363	2	https://www.coze.cn/store/bot/7338042056671150117	ä¸œåŒ—å¤§å“¥å¸®ä½ å‡ºä¸»æ„ï¼Œæ‹œå¹´çš„å°ç£•å” èµ·æ¥	https://p3-flow-product-sign.byteimg.com/tos-cn-i-13w3uml6bg/ad29b93ed75649bfbf345e115f76eaf6~tplv-13w3uml6bg-resize:128:128.image?rk3s=2e2596fd&x-expires=1712556100&x-signature=nVmclS81try11N15sjVMA%2BDj8mc%3D	https://p26-passport.byteacctimg.com/img/user-avatar/6b6c95cd17224b419147962313fb3e48~300x300.image	7338042056671150117
åŠ¨æ¼«å›¾ç‰‡	å›¾åƒ	ç”¨æˆ·2471597307104	71	21	https://www.coze.cn/store/bot/7338712133078663209	å°†äººç‰©å¤´åƒæ”¹ä¸ºç›¸åƒåŠ¨æ¼«å¤´åƒ æ ¹æ®è¾“å…¥çš„è¯­å¥ç”Ÿæˆå¯¹åº”çš„å›¾ç‰‡	https://p3-flow-product-sign.byteimg.com/tos-cn-i-13w3uml6bg/af86cb55bd5e41009ba80eafda61e51b~tplv-13w3uml6bg-resize:128:128.image?rk3s=2e2596fd&x-expires=1712556100&x-signature=UrovmaF07KAJK0N7S4mrSt9g6U8%3D	https://p26-passport.byteacctimg.com/img/user-avatar/526f9953109b5490996ac9f400bff07b~300x300.image	7338712133078663209
